"route","file","line","label","type","auth_role","expected","actual","target","api_method","api_path","status","notes"
"/about","app\about\page.tsx","90","Unknown","Button","Authenticated","unknown","no handler","","","","⚠️","No onClick or href"
"/about","app\about\page.tsx","95","Unknown","Link","Authenticated","navigate","navigate","/auth/signup?role=advertiser","","","✅",""
"/about","app\about\page.tsx","100","Unknown","Button","Authenticated","unknown","no handler","","","","⚠️","No onClick or href"
"/about","app\about\page.tsx","106","Unknown","Link","Authenticated","navigate","navigate","/auth/signup?role=publisher","","","✅",""
"/ad-formats","app\ad-formats\page.tsx","100","Unknown","Link","Authenticated","unknown","no handler","","","","⚠️","No onClick or href"
"/ad-formats","app\ad-formats\page.tsx","107","Unknown","Link","Authenticated","unknown","no handler","","","","⚠️","No onClick or href"
"/ad-formats","app\ad-formats\page.tsx","114","Unknown","Button","Authenticated","unknown","no handler","","","","⚠️","No onClick or href"
"/ad-formats","app\ad-formats\page.tsx","115","Unknown","Link","Authenticated","navigate","navigate","/auth/signin","","","✅",""
"/ad-formats","app\ad-formats\page.tsx","135","Unknown","Button","Authenticated","unknown","no handler","","","","⚠️","No onClick or href"
"/ad-formats","app\ad-formats\page.tsx","136","Unknown","Link","Authenticated","navigate","navigate","/auth/signup?role=advertiser","","","✅",""
"/ad-formats","app\ad-formats\page.tsx","141","Unknown","Button","Authenticated","unknown","no handler","","","","⚠️","No onClick or href"
"/ad-formats","app\ad-formats\page.tsx","142","Unknown","Link","Authenticated","navigate","navigate","/contact","","","✅",""
"/ad-formats","app\ad-formats\page.tsx","289","Unknown","Button","Authenticated","unknown","no handler","","","","⚠️","No onClick or href"
"/ad-formats","app\ad-formats\page.tsx","290","Unknown","Link","Authenticated","navigate","navigate","/auth/signup?role=advertiser","","","✅",""
"/ad-formats","app\ad-formats\page.tsx","294","Unknown","Button","Authenticated","unknown","no handler","","","","⚠️","No onClick or href"
"/ad-formats","app\ad-formats\page.tsx","295","Unknown","Link","Authenticated","navigate","navigate","/contact","","","✅",""
"/ad-formats","app\ad-formats\page.tsx","317","For Advertisers","Link","Authenticated","navigate","navigate","/advertisers","","","✅",""
"/ad-formats","app\ad-formats\page.tsx","318","For Publishers","Link","Authenticated","navigate","navigate","/publishers","","","✅",""
"/ad-formats","app\ad-formats\page.tsx","319","Ad Formats","Link","Authenticated","navigate","navigate","/ad-formats","","","✅",""
"/ad-formats","app\ad-formats\page.tsx","325","About","Link","Authenticated","navigate","navigate","/about","","","✅",""
"/ad-formats","app\ad-formats\page.tsx","326","Contact","Link","Authenticated","navigate","navigate","/contact","","","✅",""
"/ad-formats","app\ad-formats\page.tsx","327","Privacy","Link","Authenticated","navigate","navigate","/legal/privacy","","","✅",""
"/ad-formats","app\ad-formats\page.tsx","333","Advertiser Terms","Link","Authenticated","navigate","navigate","/legal/advertiser-terms","","","✅",""
"/ad-formats","app\ad-formats\page.tsx","334","Publisher Terms","Link","Authenticated","navigate","navigate","/legal/publisher-terms","","","✅",""
"/ad-formats","app\ad-formats\page.tsx","335","Cookie Policy","Link","Authenticated","navigate","navigate","/legal/cookies","","","✅",""
"/advertisers","app\advertisers\page.tsx","127","Unknown","Link","Authenticated","unknown","no handler","","","","⚠️","No onClick or href"
"/advertisers","app\advertisers\page.tsx","133","Unknown","Link","Authenticated","unknown","no handler","","","","⚠️","No onClick or href"
"/advertisers","app\advertisers\page.tsx","139","Unknown","Link","Authenticated","navigate","navigate","/auth/signin","","","✅",""
"/advertisers","app\advertisers\page.tsx","140","Unknown","Button","Authenticated","unknown","no handler","","","","⚠️","No onClick or href"
"/advertisers","app\advertisers\page.tsx","159","Unknown","Link","Authenticated","navigate","navigate","/auth/signin","","","✅",""
"/advertisers","app\advertisers\page.tsx","160","Unknown","Button","Authenticated","unknown","no handler","","","","⚠️","No onClick or href"
"/advertisers","app\advertisers\page.tsx","165","Unknown","Link","Authenticated","navigate","navigate","/contact","","","✅",""
"/advertisers","app\advertisers\page.tsx","166","Unknown","Button","Authenticated","unknown","no handler","","","","⚠️","No onClick or href"
"/advertisers","app\advertisers\page.tsx","328","Unknown","Button","Authenticated","unknown","no handler","","","","⚠️","No onClick or href"
"/advertisers","app\advertisers\page.tsx","400","Unknown","Link","Authenticated","navigate","navigate","/auth/signin","","","✅",""
"/advertisers","app\advertisers\page.tsx","401","Unknown","Button","Authenticated","unknown","no handler","","","","⚠️","No onClick or href"
"/advertisers","app\advertisers\page.tsx","405","Unknown","Button","Authenticated","unknown","no handler","","","","⚠️","No onClick or href"
"/advertisers","app\advertisers\page.tsx","412","Unknown","Link","Authenticated","navigate","navigate","/contact?subject=Schedule%20Demo","","","✅",""
"/advertisers","app\advertisers\page.tsx","433","For Advertisers","Link","Authenticated","navigate","navigate","/advertisers","","","✅",""
"/advertisers","app\advertisers\page.tsx","434","For Publishers","Link","Authenticated","navigate","navigate","/publishers","","","✅",""
"/advertisers","app\advertisers\page.tsx","435","Ad Formats","Link","Authenticated","navigate","navigate","/ad-formats","","","✅",""
"/advertisers","app\advertisers\page.tsx","441","About","Link","Authenticated","navigate","navigate","/about","","","✅",""
"/advertisers","app\advertisers\page.tsx","442","Contact","Link","Authenticated","navigate","navigate","/contact","","","✅",""
"/advertisers","app\advertisers\page.tsx","443","Privacy","Link","Authenticated","navigate","navigate","/legal/privacy","","","✅",""
"/advertisers","app\advertisers\page.tsx","449","Advertiser Terms","Link","Authenticated","navigate","navigate","/legal/advertiser-terms","","","✅",""
"/advertisers","app\advertisers\page.tsx","450","Publisher Terms","Link","Authenticated","navigate","navigate","/legal/publisher-terms","","","✅",""
"/advertisers","app\advertisers\page.tsx","451","Cookie Policy","Link","Authenticated","navigate","navigate","/legal/cookies","","","✅",""
"/app/admin/approvals","app\app\admin\approvals\page.tsx","265","Unknown","Button","Authenticated","unknown","unknown","","","","🔒",""
"/app/admin/approvals","app\app\admin\approvals\page.tsx","267","Unknown","Unknown","Authenticated","unknown","unknown","","","","🔒",""
"/app/admin/approvals","app\app\admin\approvals\page.tsx","288","Unknown","Button","Authenticated","unknown","unknown","","","","🔒",""
"/app/admin/approvals","app\app\admin\approvals\page.tsx","290","Unknown","Unknown","Authenticated","unknown","unknown","","","","🔒",""
"/app/admin/approvals","app\app\admin\approvals\page.tsx","296","Unknown","Button","Authenticated","unknown","unknown","","","","🔒",""
"/app/admin/approvals","app\app\admin\approvals\page.tsx","298","Unknown","Unknown","Authenticated","unknown","unknown","","","","🔒",""
"/app/admin/approvals","app\app\admin\approvals\page.tsx","363","Unknown","Button","Authenticated","unknown","unknown","","","","🔒",""
"/app/admin/approvals","app\app\admin\approvals\page.tsx","366","Unknown","Unknown","Authenticated","unknown","unknown","","","","🔒",""
"/app/admin/approvals","app\app\admin\approvals\page.tsx","375","Unknown","Button","Authenticated","unknown","unknown","","","","🔒",""
"/app/admin/approvals","app\app\admin\approvals\page.tsx","378","Unknown","Unknown","Authenticated","unknown","unknown","","","","🔒",""
"/app/admin/approvals","app\app\admin\approvals\page.tsx","487","Unknown","Button","Authenticated","unknown","unknown","","","","🔒",""
"/app/admin/approvals","app\app\admin\approvals\page.tsx","490","Unknown","Unknown","Authenticated","unknown","unknown","","","","🔒",""
"/app/admin/approvals","app\app\admin\approvals\page.tsx","495","Unknown","Button","Authenticated","unknown","unknown","","","","🔒",""
"/app/admin/approvals","app\app\admin\approvals\page.tsx","499","Unknown","Unknown","Authenticated","unknown","unknown","","","","🔒",""
"/app/admin/approvals","app\app\admin\approvals\page.tsx","504","Unknown","Button","Authenticated","unknown","unknown","","","","🔒",""
"/app/admin/approvals","app\app\admin\approvals\page.tsx","508","Unknown","Unknown","Authenticated","unknown","unknown","","","","🔒",""
"/app/admin/approvals","app\app\admin\approvals\page.tsx","545","Unknown","Button","Authenticated","unknown","unknown","","","","🔒",""
"/app/admin/approvals","app\app\admin\approvals\page.tsx","549","Unknown","Button","Authenticated","unknown","unknown","","","","🔒",""
"/app/admin/approvals","app\app\admin\approvals\page.tsx","553","Unknown","Unknown","Authenticated","unknown","unknown","","","","🔒",""
"/app/admin/approvals","app\app\admin\approvals\page.tsx","558","Unknown","Button","Authenticated","unknown","unknown","","","","🔒",""
"/app/admin/approvals","app\app\admin\approvals\page.tsx","562","Unknown","Unknown","Authenticated","unknown","unknown","","","","🔒",""
"/app/admin/approvals","app\app\admin\approvals\page.tsx","580","Unknown","Button","Authenticated","unknown","unknown","","","","🔒",""
"/app/admin/approvals","app\app\admin\approvals\page.tsx","584","Unknown","Button","Authenticated","unknown","unknown","","","","🔒",""
"/app/admin/approvals","app\app\admin\approvals\page.tsx","588","Unknown","Unknown","Authenticated","unknown","unknown","","","","🔒",""
"/app/admin/approvals","app\app\admin\approvals\page.tsx","593","Unknown","Button","Authenticated","unknown","unknown","","","","🔒",""
"/app/admin/approvals","app\app\admin\approvals\page.tsx","597","Unknown","Unknown","Authenticated","unknown","unknown","","","","🔒",""
"/app/admin/approvals","app\app\admin\approvals\page.tsx","628","Unknown","Button","Authenticated","unknown","unknown","","","","🔒",""
"/app/admin/approvals","app\app\admin\approvals\page.tsx","632","Unknown","Button","Authenticated","unknown","unknown","","","","🔒",""
"/app/admin/approvals","app\app\admin\approvals\page.tsx","636","Unknown","Unknown","Authenticated","unknown","unknown","","","","🔒",""
"/app/admin/approvals","app\app\admin\approvals\page.tsx","641","Unknown","Button","Authenticated","unknown","unknown","","","","🔒",""
"/app/admin/approvals","app\app\admin\approvals\page.tsx","645","Unknown","Unknown","Authenticated","unknown","unknown","","","","🔒",""
"/app/admin/approvals","app\app\admin\approvals\page.tsx","663","Unknown","Button","Authenticated","unknown","unknown","","","","🔒",""
"/app/admin/approvals","app\app\admin\approvals\page.tsx","667","Unknown","Button","Authenticated","unknown","unknown","","","","🔒",""
"/app/admin/approvals","app\app\admin\approvals\page.tsx","671","Unknown","Unknown","Authenticated","unknown","unknown","","","","🔒",""
"/app/admin/approvals","app\app\admin\approvals\page.tsx","676","Unknown","Button","Authenticated","unknown","unknown","","","","🔒",""
"/app/admin/approvals","app\app\admin\approvals\page.tsx","680","Unknown","Unknown","Authenticated","unknown","unknown","","","","🔒",""
"/app/admin/approvals","app\app\admin\approvals\page.tsx","714","Unknown","Button","Authenticated","unknown","unknown","","","","🔒",""
"/app/admin/approvals","app\app\admin\approvals\page.tsx","718","Unknown","Button","Authenticated","unknown","unknown","","","","🔒",""
"/app/admin/approvals","app\app\admin\approvals\page.tsx","722","Unknown","Unknown","Authenticated","unknown","unknown","","","","🔒",""
"/app/admin/approvals","app\app\admin\approvals\page.tsx","727","Unknown","Button","Authenticated","unknown","unknown","","","","🔒",""
"/app/admin/approvals","app\app\admin\approvals\page.tsx","731","Unknown","Unknown","Authenticated","unknown","unknown","","","","🔒",""
"/app/admin/approvals","app\app\admin\approvals\page.tsx","752","Unknown","Button","Authenticated","unknown","unknown","","","","🔒",""
"/app/admin/approvals","app\app\admin\approvals\page.tsx","756","Unknown","Button","Authenticated","unknown","unknown","","","","🔒",""
"/app/admin/approvals","app\app\admin\approvals\page.tsx","760","Unknown","Unknown","Authenticated","unknown","unknown","","","","🔒",""
"/app/admin/approvals","app\app\admin\approvals\page.tsx","765","Unknown","Button","Authenticated","unknown","unknown","","","","🔒",""
"/app/admin/approvals","app\app\admin\approvals\page.tsx","769","Unknown","Unknown","Authenticated","unknown","unknown","","","","🔒",""
"/app/admin/approvals","app\app\admin\approvals\page.tsx","838","Unknown","Button","Authenticated","unknown","unknown","","","","🔒",""
"/app/admin/approvals","app\app\admin\approvals\page.tsx","840","Unknown","Unknown","Authenticated","unknown","unknown","","","","🔒",""
"/app/admin/approvals","app\app\admin\approvals\page.tsx","844","Unknown","Button","Authenticated","unknown","unknown","","","","🔒",""
"/app/admin/approvals","app\app\admin\approvals\page.tsx","846","Unknown","Unknown","Authenticated","unknown","unknown","","","","🔒",""
"/app/admin/approvals","app\app\admin\approvals\page.tsx","854","Unknown","Button","Authenticated","unknown","unknown","","","","🔒",""
"/app/admin/approvals","app\app\admin\approvals\page.tsx","856","Unknown","Unknown","Authenticated","unknown","unknown","","","","🔒",""
"/app/admin/approvals","app\app\admin\approvals\page.tsx","895","Unknown","Button","Authenticated","unknown","unknown","","","","🔒",""
"/app/admin/approvals","app\app\admin\approvals\page.tsx","897","Unknown","Unknown","Authenticated","unknown","unknown","","","","🔒",""
"/app/admin/approvals","app\app\admin\approvals\page.tsx","905","Unknown","Button","Authenticated","unknown","unknown","","","","🔒",""
"/app/admin/approvals","app\app\admin\approvals\page.tsx","907","Unknown","Unknown","Authenticated","unknown","unknown","","","","🔒",""
"/app/admin/delivery","app\app\admin\delivery\page.tsx","198","Unknown","Button","Authenticated","unknown","unknown","","","","🔒",""
"/app/admin/delivery","app\app\admin\delivery\page.tsx","200","Unknown","Unknown","Authenticated","unknown","unknown","","","","🔒",""
"/app/admin/delivery","app\app\admin\delivery\page.tsx","206","Unknown","Button","Authenticated","unknown","unknown","","","","🔒",""
"/app/admin/logs","app\app\admin\logs\page.tsx","231","Unknown","Button","Authenticated","unknown","unknown","","","","🔒",""
"/app/admin/logs","app\app\admin\logs\page.tsx","233","Unknown","Unknown","Authenticated","unknown","unknown","","","","🔒",""
"/app/admin/logs","app\app\admin\logs\page.tsx","253","Unknown","Button","Authenticated","unknown","unknown","","","","🔒",""
"/app/admin/logs","app\app\admin\logs\page.tsx","255","Unknown","Unknown","Authenticated","unknown","unknown","","","","🔒",""
"/app/admin/logs","app\app\admin\logs\page.tsx","327","Unknown","Button","Authenticated","unknown","unknown","","","","🔒",""
"/app/admin/logs","app\app\admin\logs\page.tsx","330","Unknown","Unknown","Authenticated","unknown","unknown","","","","🔒",""
"/app/admin/logs","app\app\admin\logs\page.tsx","334","Unknown","Button","Authenticated","unknown","unknown","","","","🔒",""
"/app/admin/logs","app\app\admin\logs\page.tsx","337","Unknown","Unknown","Authenticated","unknown","unknown","","","","🔒",""
"/app/admin/logs","app\app\admin\logs\page.tsx","465","Unknown","Button","Authenticated","unknown","unknown","","","","🔒",""
"/app/admin/logs","app\app\admin\logs\page.tsx","468","Unknown","Unknown","Authenticated","unknown","unknown","","","","🔒",""
"/app/admin/logs","app\app\admin\logs\page.tsx","474","Unknown","Button","Authenticated","unknown","unknown","","","","🔒",""
"/app/admin/logs","app\app\admin\logs\page.tsx","477","Unknown","Unknown","Authenticated","unknown","unknown","","","","🔒",""
"/app/admin/overview","app\app\admin\overview\page.tsx","300","Unknown","Button","Authenticated","unknown","unknown","","","","🔒",""
"/app/admin/overview","app\app\admin\overview\page.tsx","301","Unknown","Link","Authenticated","unknown","unknown","","","","🔒",""
"/app/admin/overview","app\app\admin\overview\page.tsx","314","Unknown","Button","Authenticated","unknown","unknown","","","","🔒",""
"/app/admin/overview","app\app\admin\overview\page.tsx","315","Unknown","Link","Authenticated","unknown","unknown","/app/admin/approvals","","","🔒",""
"/app/admin/overview","app\app\admin\overview\page.tsx","353","Unknown","Button","Authenticated","unknown","unknown","","","","🔒",""
"/app/admin/overview","app\app\admin\overview\page.tsx","354","Unknown","Link","Authenticated","unknown","unknown","/app/admin/approvals","","","🔒",""
"/app/admin/overview","app\app\admin\overview\page.tsx","359","Unknown","Button","Authenticated","unknown","unknown","","","","🔒",""
"/app/admin/overview","app\app\admin\overview\page.tsx","360","Unknown","Link","Authenticated","unknown","unknown","/app/admin/delivery","","","🔒",""
"/app/admin/overview","app\app\admin\overview\page.tsx","365","Unknown","Button","Authenticated","unknown","unknown","","","","🔒",""
"/app/admin/overview","app\app\admin\overview\page.tsx","366","Unknown","Link","Authenticated","unknown","unknown","/app/admin/transactions","","","🔒",""
"/app/admin/overview","app\app\admin\overview\page.tsx","371","Unknown","Button","Authenticated","unknown","unknown","","","","🔒",""
"/app/admin/overview","app\app\admin\overview\page.tsx","372","Unknown","Link","Authenticated","unknown","unknown","/app/admin/users","","","🔒",""
"/app/admin/pricing","app\app\admin\pricing\page.tsx","214","Unknown","Button","Authenticated","unknown","unknown","","","","🔒",""
"/app/admin/pricing","app\app\admin\pricing\page.tsx","216","Unknown","Unknown","Authenticated","unknown","unknown","","","","🔒",""
"/app/admin/pricing","app\app\admin\pricing\page.tsx","221","Unknown","Button","Authenticated","unknown","unknown","","","","🔒",""
"/app/admin/pricing","app\app\admin\pricing\page.tsx","224","Unknown","Unknown","Authenticated","unknown","unknown","","","","🔒",""
"/app/admin/pricing","app\app\admin\pricing\page.tsx","240","Unknown","Button","Authenticated","unknown","unknown","","","","🔒",""
"/app/admin/pricing","app\app\admin\pricing\page.tsx","243","Unknown","Unknown","Authenticated","unknown","unknown","","","","🔒",""
"/app/admin/transactions","app\app\admin\transactions\page.tsx","233","Unknown","Button","Authenticated","unknown","unknown","","","","🔒",""
"/app/admin/transactions","app\app\admin\transactions\page.tsx","542","Unknown","Button","Authenticated","unknown","unknown","","","","🔒",""
"/app/admin/users","app\app\admin\users\page.tsx","60","Unknown","Button","Authenticated","unknown","unknown","","","","🔒",""
"/app/admin/users","app\app\admin\users\page.tsx","64","Unknown","Button","Authenticated","unknown","unknown","","","","🔒",""
"/app/advertiser/billing","app\app\advertiser\billing\page.tsx","313","Unknown","Button","Authenticated","unknown","unknown","","","","🔒",""
"/app/advertiser/billing","app\app\advertiser\billing\page.tsx","314","Unknown","Unknown","Authenticated","unknown","unknown","","","","🔒",""
"/app/advertiser/campaigns/new","app\app\advertiser\campaigns\new\page.tsx","493","Unknown","Button","Authenticated","unknown","unknown","","","","🔒",""
"/app/advertiser/campaigns/new","app\app\advertiser\campaigns\new\page.tsx","495","Unknown","Unknown","Authenticated","unknown","unknown","","","","🔒",""
"/app/advertiser/campaigns/new","app\app\advertiser\campaigns\new\page.tsx","504","Unknown","Button","Authenticated","unknown","unknown","","","","🔒",""
"/app/advertiser/campaigns/new","app\app\advertiser\campaigns\new\page.tsx","507","Unknown","Unknown","Authenticated","unknown","unknown","","","","🔒",""
"/app/advertiser/campaigns/new","app\app\advertiser\campaigns\new\page.tsx","537","Unknown","Button","Authenticated","unknown","unknown","","","","🔒",""
"/app/advertiser/campaigns/new","app\app\advertiser\campaigns\new\page.tsx","538","Unknown","Unknown","Authenticated","unknown","unknown","","","","🔒",""
"/app/advertiser/campaigns/new","app\app\advertiser\campaigns\new\page.tsx","545","Unknown","Button","Authenticated","unknown","unknown","","","","🔒",""
"/app/advertiser/campaigns/new","app\app\advertiser\campaigns\new\page.tsx","546","Unknown","Unknown","Authenticated","unknown","unknown","","","","🔒",""
"/app/advertiser/campaigns/new","app\app\advertiser\campaigns\new\page.tsx","574","Unknown","Button","Authenticated","unknown","unknown","","","","🔒",""
"/app/advertiser/campaigns/new","app\app\advertiser\campaigns\new\page.tsx","576","Unknown","Unknown","Authenticated","unknown","unknown","","","","🔒",""
"/app/advertiser/campaigns/new","app\app\advertiser\campaigns\new\page.tsx","581","Unknown","Button","Authenticated","unknown","unknown","","","","🔒",""
"/app/advertiser/campaigns/new","app\app\advertiser\campaigns\new\page.tsx","584","Unknown","Unknown","Authenticated","unknown","unknown","","","","🔒",""
"/app/advertiser/campaigns/new","app\app\advertiser\campaigns\new\page.tsx","726","Unknown","Button","Authenticated","unknown","unknown","","","","🔒",""
"/app/advertiser/campaigns/new","app\app\advertiser\campaigns\new\page.tsx","730","Unknown","Unknown","Authenticated","unknown","unknown","","","","🔒",""
"/app/advertiser/campaigns/new","app\app\advertiser\campaigns\new\page.tsx","749","Unknown","Button","Authenticated","unknown","unknown","","","","🔒",""
"/app/advertiser/campaigns/new","app\app\advertiser\campaigns\new\page.tsx","753","Unknown","Unknown","Authenticated","unknown","unknown","","","","🔒",""
"/app/advertiser/campaigns/new","app\app\advertiser\campaigns\new\page.tsx","796","Unknown","Unknown","Authenticated","unknown","unknown","","","","🔒",""
"/app/advertiser/campaigns/new","app\app\advertiser\campaigns\new\page.tsx","939","Unknown","Button","Authenticated","unknown","unknown","","","","🔒",""
"/app/advertiser/campaigns/new","app\app\advertiser\campaigns\new\page.tsx","941","Unknown","Unknown","Authenticated","unknown","unknown","","","","🔒",""
"/app/advertiser/campaigns/new","app\app\advertiser\campaigns\new\page.tsx","1002","Unknown","Button","Authenticated","unknown","unknown","","","","🔒",""
"/app/advertiser/campaigns/new","app\app\advertiser\campaigns\new\page.tsx","1005","Unknown","Unknown","Authenticated","unknown","unknown","","","","🔒",""
"/app/advertiser/campaigns/new","app\app\advertiser\campaigns\new\page.tsx","1115","Unknown","Button","Authenticated","unknown","unknown","","","","🔒",""
"/app/advertiser/campaigns/new","app\app\advertiser\campaigns\new\page.tsx","1119","Unknown","Button","Authenticated","unknown","unknown","","","","🔒",""
"/app/advertiser/campaigns/new","app\app\advertiser\campaigns\new\page.tsx","1159","Unknown","Button","Authenticated","unknown","unknown","","","","🔒",""
"/app/advertiser/campaigns/new","app\app\advertiser\campaigns\new\page.tsx","1161","Unknown","Unknown","Authenticated","unknown","unknown","","","","🔒",""
"/app/advertiser/campaigns/new/review","app\app\advertiser\campaigns\new\review\page.tsx","303","Unknown","Button","Authenticated","unknown","unknown","","","","🔒",""
"/app/advertiser/campaigns/new/review","app\app\advertiser\campaigns\new\review\page.tsx","305","Unknown","Unknown","Authenticated","unknown","unknown","","","","🔒",""
"/app/advertiser/campaigns/new/review","app\app\advertiser\campaigns\new\review\page.tsx","312","Unknown","Button","Authenticated","unknown","unknown","","","","🔒",""
"/app/advertiser/campaigns/new/review","app\app\advertiser\campaigns\new\review\page.tsx","314","Unknown","Unknown","Authenticated","unknown","unknown","","","","🔒",""
"/app/advertiser/campaigns/new/review","app\app\advertiser\campaigns\new\review\page.tsx","321","Unknown","Button","Authenticated","unknown","unknown","","","","🔒",""
"/app/advertiser/campaigns/new/review","app\app\advertiser\campaigns\new\review\page.tsx","322","Unknown","Unknown","Authenticated","unknown","unknown","","","","🔒",""
"/app/advertiser/campaigns","app\app\advertiser\campaigns\page.tsx","181","Unknown","Button","Authenticated","unknown","unknown","","","","🔒",""
"/app/advertiser/campaigns","app\app\advertiser\campaigns\page.tsx","182","Unknown","Link","Authenticated","unknown","unknown","/app/advertiser/campaigns/new","","","🔒",""
"/app/advertiser/campaigns","app\app\advertiser\campaigns\page.tsx","209","Unknown","Button","Authenticated","unknown","unknown","","","","🔒",""
"/app/advertiser/campaigns","app\app\advertiser\campaigns\page.tsx","213","Unknown","Unknown","Authenticated","unknown","unknown","","","","🔒",""
"/app/advertiser/campaigns","app\app\advertiser\campaigns\page.tsx","259","Unknown","Button","Authenticated","unknown","unknown","","","","🔒",""
"/app/advertiser/campaigns","app\app\advertiser\campaigns\page.tsx","260","Unknown","Link","Authenticated","unknown","unknown","","","","🔒",""
"/app/advertiser/campaigns","app\app\advertiser\campaigns\page.tsx","265","Unknown","Button","Authenticated","unknown","unknown","","","","🔒",""
"/app/advertiser/campaigns","app\app\advertiser\campaigns\page.tsx","268","Unknown","Unknown","Authenticated","unknown","unknown","","","","🔒",""
"/app/advertiser/campaigns","app\app\advertiser\campaigns\page.tsx","273","Unknown","Button","Authenticated","unknown","unknown","","","","🔒",""
"/app/advertiser/campaigns","app\app\advertiser\campaigns\page.tsx","276","Unknown","Unknown","Authenticated","unknown","unknown","","","","🔒",""
"/app/advertiser/campaigns","app\app\advertiser\campaigns\page.tsx","281","Unknown","Button","Authenticated","unknown","unknown","","","","🔒",""
"/app/advertiser/campaigns","app\app\advertiser\campaigns\page.tsx","284","Unknown","Unknown","Authenticated","unknown","unknown","","","","🔒",""
"/app/advertiser/campaigns","app\app\advertiser\campaigns\page.tsx","288","Unknown","Button","Authenticated","unknown","unknown","","","","🔒",""
"/app/advertiser/campaigns","app\app\advertiser\campaigns\page.tsx","291","Unknown","Unknown","Authenticated","unknown","unknown","","","","🔒",""
"/app/advertiser/campaigns","app\app\advertiser\campaigns\page.tsx","313","Unknown","Button","Authenticated","unknown","unknown","","","","🔒",""
"/app/advertiser/campaigns","app\app\advertiser\campaigns\page.tsx","314","Unknown","Link","Authenticated","unknown","unknown","/app/advertiser/campaigns/new","","","🔒",""
"/app/advertiser/campaigns/[id]","app\app\advertiser\campaigns\[id]\page.tsx","174","Unknown","Button","Authenticated","unknown","unknown","","","","🔒",""
"/app/advertiser/campaigns/[id]","app\app\advertiser\campaigns\[id]\page.tsx","193","Unknown","Button","Authenticated","unknown","unknown","","","","🔒",""
"/app/advertiser/campaigns/[id]","app\app\advertiser\campaigns\[id]\page.tsx","209","Unknown","Link","Authenticated","unknown","unknown","","","","🔒",""
"/app/advertiser/campaigns/[id]","app\app\advertiser\campaigns\[id]\page.tsx","210","Unknown","Button","Authenticated","unknown","unknown","","","","🔒",""
"/app/advertiser/campaigns/[id]","app\app\advertiser\campaigns\[id]\page.tsx","217","Unknown","Button","Authenticated","unknown","unknown","","","","🔒",""
"/app/advertiser/campaigns/[id]","app\app\advertiser\campaigns\[id]\page.tsx","219","Unknown","Unknown","Authenticated","unknown","unknown","","","","🔒",""
"/app/advertiser/campaigns/[id]","app\app\advertiser\campaigns\[id]\page.tsx","227","Unknown","Button","Authenticated","unknown","unknown","","","","🔒",""
"/app/advertiser/campaigns/[id]","app\app\advertiser\campaigns\[id]\page.tsx","228","Unknown","Unknown","Authenticated","unknown","unknown","","","","🔒",""
"/app/advertiser/campaigns/[id]","app\app\advertiser\campaigns\[id]\page.tsx","235","Unknown","Button","Authenticated","unknown","unknown","","","","🔒",""
"/app/advertiser/campaigns/[id]","app\app\advertiser\campaigns\[id]\page.tsx","237","Unknown","Unknown","Authenticated","unknown","unknown","","","","🔒",""
"/app/advertiser/campaigns/[id]","app\app\advertiser\campaigns\[id]\page.tsx","383","Unknown","Button","Authenticated","unknown","unknown","","","","🔒",""
"/app/advertiser/campaigns/[id]","app\app\advertiser\campaigns\[id]\page.tsx","401","Unknown","Button","Authenticated","unknown","unknown","","","","🔒",""
"/app/advertiser/campaigns/[id]","app\app\advertiser\campaigns\[id]\page.tsx","421","Unknown","Button","Authenticated","unknown","unknown","","","","🔒",""
"/app/advertiser/creatives","app\app\advertiser\creatives\page.tsx","194","Unknown","Button","Authenticated","unknown","unknown","","","","🔒",""
"/app/advertiser/creatives","app\app\advertiser\creatives\page.tsx","203","Unknown","Button","Authenticated","unknown","unknown","","","","🔒",""
"/app/advertiser/creatives","app\app\advertiser\creatives\page.tsx","216","Unknown","Button","Authenticated","unknown","unknown","","","","🔒",""
"/app/advertiser/creatives","app\app\advertiser\creatives\page.tsx","219","Unknown","Unknown","Authenticated","unknown","unknown","","","","🔒",""
"/app/advertiser/creatives","app\app\advertiser\creatives\page.tsx","223","Unknown","Button","Authenticated","unknown","unknown","","","","🔒",""
"/app/advertiser/creatives","app\app\advertiser\creatives\page.tsx","226","Unknown","Unknown","Authenticated","unknown","unknown","","","","🔒",""
"/app/advertiser/creatives","app\app\advertiser\creatives\page.tsx","290","Unknown","Button","Authenticated","unknown","unknown","","","","🔒",""
"/app/advertiser/creatives","app\app\advertiser\creatives\page.tsx","292","Unknown","Unknown","Authenticated","unknown","unknown","","","","🔒",""
"/app/advertiser/creatives","app\app\advertiser\creatives\page.tsx","350","Unknown","Button","Authenticated","unknown","unknown","","","","🔒",""
"/app/advertiser/creatives","app\app\advertiser\creatives\page.tsx","352","Unknown","Unknown","Authenticated","unknown","unknown","","","","🔒",""
"/app/advertiser/creatives","app\app\advertiser\creatives\page.tsx","359","Unknown","Button","Authenticated","unknown","unknown","","","","🔒",""
"/app/advertiser/creatives","app\app\advertiser\creatives\page.tsx","360","Unknown","Unknown","Authenticated","unknown","unknown","","","","🔒",""
"/app/advertiser/overview","app\app\advertiser\overview\page.tsx","258","Unknown","Button","Authenticated","unknown","unknown","","","","🔒",""
"/app/advertiser/overview","app\app\advertiser\overview\page.tsx","261","Unknown","Unknown","Authenticated","unknown","unknown","","","","🔒",""
"/app/advertiser/overview","app\app\advertiser\overview\page.tsx","276","Unknown","Button","Authenticated","unknown","unknown","","","","🔒",""
"/app/advertiser/overview","app\app\advertiser\overview\page.tsx","277","Unknown","Link","Authenticated","unknown","unknown","/app/advertiser/campaigns/new","","","🔒",""
"/app/advertiser/overview","app\app\advertiser\overview\page.tsx","361","Unknown","Button","Authenticated","unknown","unknown","","","","🔒",""
"/app/advertiser/overview","app\app\advertiser\overview\page.tsx","424","Unknown","Button","Authenticated","unknown","unknown","","","","🔒",""
"/app/advertiser/overview","app\app\advertiser\overview\page.tsx","427","Unknown","Button","Authenticated","unknown","unknown","","","","🔒",""
"/app/advertiser/overview","app\app\advertiser\overview\page.tsx","448","Unknown","Button","Authenticated","unknown","unknown","","","","🔒",""
"/app/advertiser/overview","app\app\advertiser\overview\page.tsx","449","Unknown","Link","Authenticated","unknown","unknown","/app/advertiser/campaigns","","","🔒",""
"/app/advertiser/reports","app\app\advertiser\reports\page.tsx","239","Unknown","Button","Authenticated","unknown","unknown","","","","🔒",""
"/app/advertiser/reports","app\app\advertiser\reports\page.tsx","243","Unknown","Button","Authenticated","unknown","unknown","","","","🔒",""
"/app/advertiser/reports","app\app\advertiser\reports\page.tsx","244","Unknown","Unknown","Authenticated","unknown","unknown","","","","🔒",""
"/app/advertiser/support","app\app\advertiser\support\page.tsx","31","Unknown","Button","Authenticated","unknown","unknown","","","","🔒",""
"/app/advertiser/support","app\app\advertiser\support\page.tsx","35","Unknown","Button","Authenticated","unknown","unknown","","","","🔒",""
"/app/advertiser/support","app\app\advertiser\support\page.tsx","39","Unknown","Button","Authenticated","unknown","unknown","","","","🔒",""
"/app/advertiser/support","app\app\advertiser\support\page.tsx","111","Unknown","Button","Authenticated","unknown","unknown","","","","🔒",""
"/app/advertiser/wallet","app\app\advertiser\wallet\page.tsx","164","Unknown","Button","Authenticated","unknown","unknown","","","","🔒",""
"/app/advertiser/wallet","app\app\advertiser\wallet\page.tsx","236","Unknown","Button","Authenticated","unknown","unknown","","","","🔒",""
"/app/advertiser/wallet","app\app\advertiser\wallet\page.tsx","239","Unknown","Button","Authenticated","unknown","unknown","","","","🔒",""
"/app/advertiser/wallet","app\app\advertiser\wallet\page.tsx","297","Unknown","Button","Authenticated","unknown","unknown","","","","🔒",""
"/app/advertiser/wallet","app\app\advertiser\wallet\page.tsx","301","Unknown","Unknown","Authenticated","unknown","unknown","","","","🔒",""
"/app/notifications","app\app\notifications\page.tsx","166","Unknown","Button","Authenticated","unknown","unknown","","","","🔒",""
"/app/notifications","app\app\notifications\page.tsx","167","Unknown","Unknown","Authenticated","unknown","unknown","","","","🔒",""
"/app/notifications","app\app\notifications\page.tsx","273","Unknown","Button","Authenticated","unknown","unknown","","","","🔒",""
"/app/notifications","app\app\notifications\page.tsx","276","Unknown","Unknown","Authenticated","unknown","unknown","","","","🔒",""
"/app/profile","app\app\profile\page.tsx","73","Save Changes","Button","Authenticated","unknown","unknown","","","","🔒",""
"/app/profile","app\app\profile\page.tsx","135","Change Password","Button","Authenticated","unknown","unknown","","","","🔒",""
"/app/publisher/ad-tags","app\app\publisher\ad-tags\page.tsx","304","Unknown","Button","Authenticated","unknown","unknown","","","","🔒",""
"/app/publisher/earnings","app\app\publisher\earnings\page.tsx","169","Unknown","Button","Authenticated","unknown","unknown","","","","🔒",""
"/app/publisher/earnings","app\app\publisher\earnings\page.tsx","173","Unknown","Button","Authenticated","unknown","unknown","","","","🔒",""
"/app/publisher/overview","app\app\publisher\overview\page.tsx","284","Unknown","Button","Authenticated","unknown","unknown","","","","🔒",""
"/app/publisher/overview","app\app\publisher\overview\page.tsx","285","Unknown","Link","Authenticated","unknown","unknown","/app/publisher/sites","","","🔒",""
"/app/publisher/overview","app\app\publisher\overview\page.tsx","363","Unknown","Button","Authenticated","unknown","unknown","","","","🔒",""
"/app/publisher/overview","app\app\publisher\overview\page.tsx","364","Unknown","Link","Authenticated","unknown","unknown","","","","🔒",""
"/app/publisher/overview","app\app\publisher\overview\page.tsx","428","Unknown","Button","Authenticated","unknown","unknown","","","","🔒",""
"/app/publisher/overview","app\app\publisher\overview\page.tsx","429","Unknown","Link","Authenticated","unknown","unknown","","","","🔒",""
"/app/publisher/overview","app\app\publisher\overview\page.tsx","433","Unknown","Button","Authenticated","unknown","unknown","","","","🔒",""
"/app/publisher/overview","app\app\publisher\overview\page.tsx","442","Unknown","Button","Authenticated","unknown","unknown","","","","🔒",""
"/app/publisher/overview","app\app\publisher\overview\page.tsx","443","Unknown","Link","Authenticated","unknown","unknown","/app/publisher/sites","","","🔒",""
"/app/publisher/overview","app\app\publisher\overview\page.tsx","461","Unknown","Button","Authenticated","unknown","unknown","","","","🔒",""
"/app/publisher/overview","app\app\publisher\overview\page.tsx","462","Unknown","Link","Authenticated","unknown","unknown","/app/publisher/sites/new","","","🔒",""
"/app/publisher/payouts/PayoutsClient.tsx","app\app\publisher\payouts\PayoutsClient.tsx","115","Unknown","Button","Authenticated","unknown","unknown","","","","🔒",""
"/app/publisher/payouts/PayoutsClient.tsx","app\app\publisher\payouts\PayoutsClient.tsx","176","Unknown","Button","Authenticated","unknown","unknown","","","","🔒",""
"/app/publisher/payouts/PayoutsClient.tsx","app\app\publisher\payouts\PayoutsClient.tsx","178","Unknown","Unknown","Authenticated","unknown","unknown","","","","🔒",""
"/app/publisher/payouts/PayoutsClient.tsx","app\app\publisher\payouts\PayoutsClient.tsx","182","Unknown","Button","Authenticated","unknown","unknown","","","","🔒",""
"/app/publisher/payouts/PayoutsClient.tsx","app\app\publisher\payouts\PayoutsClient.tsx","183","Unknown","Unknown","Authenticated","unknown","unknown","","","","🔒",""
"/app/publisher/payouts/PayoutsClient.tsx","app\app\publisher\payouts\PayoutsClient.tsx","278","Unknown","Button","Authenticated","unknown","unknown","","","","🔒",""
"/app/publisher/payouts/PayoutsClient.tsx","app\app\publisher\payouts\PayoutsClient.tsx","287","Unknown","Button","Authenticated","unknown","unknown","","","","🔒",""
"/app/publisher/placements","app\app\publisher\placements\page.tsx","231","Unknown","Button","Authenticated","unknown","unknown","","","","🔒",""
"/app/publisher/placements","app\app\publisher\placements\page.tsx","240","Unknown","Button","Authenticated","unknown","unknown","","","","🔒",""
"/app/publisher/placements","app\app\publisher\placements\page.tsx","281","Unknown","Button","Authenticated","unknown","unknown","","","","🔒",""
"/app/publisher/placements","app\app\publisher\placements\page.tsx","284","Unknown","Unknown","Authenticated","unknown","unknown","","","","🔒",""
"/app/publisher/placements","app\app\publisher\placements\page.tsx","288","Unknown","Button","Authenticated","unknown","unknown","","","","🔒",""
"/app/publisher/placements","app\app\publisher\placements\page.tsx","291","Unknown","Unknown","Authenticated","unknown","unknown","","","","🔒",""
"/app/publisher/placements","app\app\publisher\placements\page.tsx","375","Unknown","Button","Authenticated","unknown","unknown","","","","🔒",""
"/app/publisher/placements","app\app\publisher\placements\page.tsx","378","Unknown","Button","Authenticated","unknown","unknown","","","","🔒",""
"/app/publisher/placements","app\app\publisher\placements\page.tsx","444","Unknown","Button","Authenticated","unknown","unknown","","","","🔒",""
"/app/publisher/placements","app\app\publisher\placements\page.tsx","447","Unknown","Button","Authenticated","unknown","unknown","","","","🔒",""
"/app/publisher/reports","app\app\publisher\reports\page.tsx","157","Unknown","Button","Authenticated","unknown","unknown","","","","🔒",""
"/app/publisher/reports","app\app\publisher\reports\page.tsx","161","Unknown","Button","Authenticated","unknown","unknown","","","","🔒",""
"/app/publisher/sites/new","app\app\publisher\sites\new\page.tsx","82","Unknown","Button","Authenticated","unknown","unknown","","","","🔒",""
"/app/publisher/sites/new","app\app\publisher\sites\new\page.tsx","84","Unknown","Unknown","Authenticated","unknown","unknown","","","","🔒",""
"/app/publisher/sites/new","app\app\publisher\sites\new\page.tsx","191","Unknown","Button","Authenticated","unknown","unknown","","","","🔒",""
"/app/publisher/sites/new","app\app\publisher\sites\new\page.tsx","194","Unknown","Unknown","Authenticated","unknown","unknown","","","","🔒",""
"/app/publisher/sites/new","app\app\publisher\sites\new\page.tsx","198","Unknown","Button","Authenticated","unknown","unknown","","","","🔒",""
"/app/publisher/sites","app\app\publisher\sites\page.tsx","157","Unknown","Link","Authenticated","unknown","unknown","/app/publisher/sites/new","","","🔒",""
"/app/publisher/sites","app\app\publisher\sites\page.tsx","158","Unknown","Button","Authenticated","unknown","unknown","","","","🔒",""
"/app/publisher/sites","app\app\publisher\sites\page.tsx","226","Unknown","Link","Authenticated","unknown","unknown","/app/publisher/sites/new","","","🔒",""
"/app/publisher/sites","app\app\publisher\sites\page.tsx","227","Unknown","Button","Authenticated","unknown","unknown","","","","🔒",""
"/app/publisher/sites","app\app\publisher\sites\page.tsx","282","Unknown","Link","Authenticated","unknown","unknown","","","","🔒",""
"/app/publisher/sites","app\app\publisher\sites\page.tsx","283","Unknown","Button","Authenticated","unknown","unknown","","","","🔒",""
"/app/publisher/sites","app\app\publisher\sites\page.tsx","291","Unknown","Button","Authenticated","unknown","unknown","","","","🔒",""
"/app/publisher/sites","app\app\publisher\sites\page.tsx","297","Unknown","Link","Authenticated","unknown","unknown","","","","🔒",""
"/app/publisher/sites","app\app\publisher\sites\page.tsx","303","Unknown","Unknown","Authenticated","unknown","unknown","","","","🔒",""
"/app/publisher/sites","app\app\publisher\sites\page.tsx","309","Unknown","Unknown","Authenticated","unknown","unknown","","","","🔒",""
"/app/publisher/sites","app\app\publisher\sites\page.tsx","316","Unknown","Unknown","Authenticated","unknown","unknown","","","","🔒",""
"/app/publisher/sites/[id]/verify","app\app\publisher\sites\[id]\verify\page.tsx","138","Unknown","Button","Authenticated","unknown","unknown","","","","🔒",""
"/app/publisher/sites/[id]/verify","app\app\publisher\sites\[id]\verify\page.tsx","139","Unknown","Unknown","Authenticated","unknown","unknown","","","","🔒",""
"/app/publisher/sites/[id]/verify","app\app\publisher\sites\[id]\verify\page.tsx","184","Unknown","Button","Authenticated","unknown","unknown","","","","🔒",""
"/app/publisher/sites/[id]/verify","app\app\publisher\sites\[id]\verify\page.tsx","185","Unknown","Unknown","Authenticated","unknown","unknown","","","","🔒",""
"/app/publisher/sites/[id]/verify","app\app\publisher\sites\[id]\verify\page.tsx","214","Unknown","Button","Authenticated","unknown","unknown","","","","🔒",""
"/app/publisher/sites/[id]/verify","app\app\publisher\sites\[id]\verify\page.tsx","215","Unknown","Unknown","Authenticated","unknown","unknown","","","","🔒",""
"/app/publisher/support","app\app\publisher\support\page.tsx","78","Unknown","Button","Authenticated","unknown","unknown","","","","🔒",""
"/app/publisher/support","app\app\publisher\support\page.tsx","80","Unknown","Unknown","Authenticated","unknown","unknown","","","","🔒",""
"/app/publisher/support","app\app\publisher\support\page.tsx","94","Unknown","Button","Authenticated","unknown","unknown","","","","🔒",""
"/app/publisher/support","app\app\publisher\support\page.tsx","97","Unknown","Unknown","Authenticated","unknown","unknown","","","","🔒",""
"/app/publisher/support","app\app\publisher\support\page.tsx","103","Unknown","Button","Authenticated","unknown","unknown","","","","🔒",""
"/app/publisher/support","app\app\publisher\support\page.tsx","106","Unknown","Unknown","Authenticated","unknown","unknown","","","","🔒",""
"/app/publisher/support","app\app\publisher\support\page.tsx","111","Unknown","Button","Authenticated","unknown","unknown","","","","🔒",""
"/app/publisher/support","app\app\publisher\support\page.tsx","114","Unknown","Unknown","Authenticated","unknown","unknown","","","","🔒",""
"/app/publisher/support","app\app\publisher\support\page.tsx","197","Unknown","Button","Authenticated","unknown","unknown","","","","🔒",""
"/app/publisher/support","app\app\publisher\support\page.tsx","198","Unknown","Unknown","Authenticated","unknown","unknown","","","","🔒",""
"/app/publisher/support","app\app\publisher\support\page.tsx","309","Unknown","Button","Authenticated","unknown","unknown","","","","🔒",""
"/app/publisher/support","app\app\publisher\support\page.tsx","312","Unknown","Unknown","Authenticated","unknown","unknown","","","","🔒",""
"/app/publisher/support","app\app\publisher\support\page.tsx","320","Unknown","Button","Authenticated","unknown","unknown","","","","🔒",""
"/app/publisher/support","app\app\publisher\support\page.tsx","323","Unknown","Unknown","Authenticated","unknown","unknown","","","","🔒",""
"/app/publisher/support","app\app\publisher\support\page.tsx","331","Unknown","Button","Authenticated","unknown","unknown","","","","🔒",""
"/app/publisher/support","app\app\publisher\support\page.tsx","334","Unknown","Unknown","Authenticated","unknown","unknown","","","","🔒",""
"/app/publisher/support","app\app\publisher\support\page.tsx","342","Unknown","Button","Authenticated","unknown","unknown","","","","🔒",""
"/app/publisher/support","app\app\publisher\support\page.tsx","345","Unknown","Unknown","Authenticated","unknown","unknown","","","","🔒",""
"/app/settings","app\app\settings\page.tsx","135","Unknown","Button","Authenticated","unknown","unknown","","","","🔒",""
"/app/settings","app\app\settings\page.tsx","136","Unknown","Unknown","Authenticated","unknown","unknown","","","","🔒",""
"/app/settings","app\app\settings\page.tsx","214","Save Privacy Settings","Button","Authenticated","unknown","unknown","","","","🔒",""
"/app/settings","app\app\settings\page.tsx","300","Save Preferences","Button","Authenticated","unknown","unknown","","","","🔒",""
"/auth/forgot-password","app\auth\forgot-password\page.tsx","97","Unknown","Button","Authenticated","unknown","no handler","","","","⚠️","No onClick or href"
"/auth/forgot-password","app\auth\forgot-password\page.tsx","110","Unknown","Link","Authenticated","unknown","no handler","","","","⚠️","No onClick or href"
"/auth/link-expired","app\auth\link-expired\page.tsx","51","Unknown","Button","Authenticated","unknown","no handler","","","","⚠️","No onClick or href"
"/auth/link-expired","app\auth\link-expired\page.tsx","52","Unknown","Unknown","Authenticated","navigate","navigate","","","","✅",""
"/auth/link-expired","app\auth\link-expired\page.tsx","67","Unknown","Button","Authenticated","unknown","no handler","","","","⚠️","No onClick or href"
"/auth/link-expired","app\auth\link-expired\page.tsx","72","Unknown","Link","Authenticated","navigate","navigate","/auth/signin","","","✅",""
"/auth/link-expired","app\auth\link-expired\page.tsx","82","Unknown","Link","Authenticated","navigate","navigate","/contact","","","✅",""
"/auth/reset-password","app\auth\reset-password\page.tsx","89","Unknown","Link","Authenticated","unknown","no handler","","","","⚠️","No onClick or href"
"/auth/reset-password","app\auth\reset-password\page.tsx","150","Unknown","Button","Authenticated","unknown","no handler","","","","⚠️","No onClick or href"
"/auth/reset-password","app\auth\reset-password\page.tsx","155","Unknown","Unknown","Authenticated","navigate","navigate","","","","✅",""
"/auth/reset-password","app\auth\reset-password\page.tsx","181","Unknown","Button","Authenticated","unknown","no handler","","","","⚠️","No onClick or href"
"/auth/reset-password","app\auth\reset-password\page.tsx","186","Unknown","Unknown","Authenticated","navigate","navigate","","","","✅",""
"/auth/reset-password","app\auth\reset-password\page.tsx","197","Unknown","Button","Authenticated","unknown","no handler","","","","⚠️","No onClick or href"
"/auth/reset-password","app\auth\reset-password\page.tsx","210","Unknown","Link","Authenticated","unknown","no handler","","","","⚠️","No onClick or href"
"/auth/signin","app\auth\signin\page.tsx","148","Unknown","Button","Authenticated","unknown","no handler","","","","⚠️","No onClick or href"
"/auth/signin","app\auth\signin\page.tsx","152","Unknown","Unknown","Authenticated","navigate","navigate","","","","✅",""
"/auth/signin","app\auth\signin\page.tsx","194","Unknown","Button","Authenticated","unknown","no handler","","","","⚠️","No onClick or href"
"/auth/signin","app\auth\signin\page.tsx","197","Unknown","Unknown","Authenticated","navigate","navigate","","","","✅",""
"/auth/signin","app\auth\signin\page.tsx","243","Unknown","Button","Authenticated","unknown","no handler","","","","⚠️","No onClick or href"
"/auth/signin","app\auth\signin\page.tsx","248","Unknown","Unknown","Authenticated","navigate","navigate","","","","✅",""
"/auth/signin","app\auth\signin\page.tsx","259","Unknown","Button","Authenticated","unknown","no handler","","","","⚠️","No onClick or href"
"/auth/signin","app\auth\signin\page.tsx","283","Unknown","Button","Authenticated","unknown","no handler","","","","⚠️","No onClick or href"
"/auth/signin","app\auth\signin\page.tsx","286","Unknown","Unknown","Authenticated","navigate","navigate","","","","✅",""
"/auth/signin","app\auth\signin\page.tsx","292","Unknown","Button","Authenticated","unknown","no handler","","","","⚠️","No onClick or href"
"/auth/signin","app\auth\signin\page.tsx","295","Unknown","Unknown","Authenticated","navigate","navigate","","","","✅",""
"/auth/signin","app\auth\signin\page.tsx","303","Unknown","Link","Authenticated","navigate","navigate","/","","","✅",""
"/auth/signin","app\auth\signin\page.tsx","331","Unknown","Button","Authenticated","unknown","no handler","","","","⚠️","No onClick or href"
"/auth/signin","app\auth\signin\page.tsx","335","Unknown","Unknown","Authenticated","navigate","navigate","","","","✅",""
"/auth/signin","app\auth\signin\page.tsx","529","Unknown","Button","Authenticated","unknown","no handler","","","","⚠️","No onClick or href"
"/auth/signin","app\auth\signin\page.tsx","534","Unknown","Unknown","Authenticated","navigate","navigate","","","","✅",""
"/auth/signin","app\auth\signin\page.tsx","557","Unknown","Button","Authenticated","unknown","no handler","","","","⚠️","No onClick or href"
"/auth/signin","app\auth\signin\page.tsx","562","Unknown","Unknown","Authenticated","navigate","navigate","","","","✅",""
"/auth/signin","app\auth\signin\page.tsx","574","Unknown","Button","Authenticated","unknown","no handler","","","","⚠️","No onClick or href"
"/auth/signin","app\auth\signin\page.tsx","662","Unknown","Button","Authenticated","unknown","no handler","","","","⚠️","No onClick or href"
"/auth/signin","app\auth\signin\page.tsx","682","Unknown","Button","Authenticated","unknown","no handler","","","","⚠️","No onClick or href"
"/auth/signin","app\auth\signin\page.tsx","685","Unknown","Unknown","Authenticated","navigate","navigate","","","","✅",""
"/auth/signup","app\auth\signup\page.tsx","125","Unknown","Button","Authenticated","unknown","no handler","","","","⚠️","No onClick or href"
"/auth/signup","app\auth\signup\page.tsx","130","Unknown","Unknown","Authenticated","navigate","navigate","","","","✅",""
"/auth/signup","app\auth\signup\page.tsx","165","Unknown","Button","Authenticated","unknown","no handler","","","","⚠️","No onClick or href"
"/auth/signup","app\auth\signup\page.tsx","180","Unknown","Link","Authenticated","navigate","navigate","/auth/signin","","","✅",""
"/auth/verified","app\auth\verified\page.tsx","43","Unknown","Button","Authenticated","unknown","no handler","","","","⚠️","No onClick or href"
"/auth/verified","app\auth\verified\page.tsx","44","Unknown","Unknown","Authenticated","navigate","navigate","","","","✅",""
"/auth/verify-email","app\auth\verify-email\page.tsx","83","Unknown","Button","Authenticated","navigate","navigate","","","","✅",""
"/auth/verify-email","app\auth\verify-email\page.tsx","90","Unknown","Button","Authenticated","navigate","navigate","","","","✅",""
"/auth/verify-email","app\auth\verify-email\page.tsx","93","Unknown","Button","Authenticated","navigate","navigate","","","","✅",""
"/contact","app\contact\page.tsx","162","Unknown","Link","Authenticated","unknown","no handler","","","","⚠️","No onClick or href"
"/contact","app\contact\page.tsx","168","Unknown","Link","Authenticated","unknown","no handler","","","","⚠️","No onClick or href"
"/contact","app\contact\page.tsx","174","Unknown","Link","Authenticated","navigate","navigate","/auth/signin","","","✅",""
"/contact","app\contact\page.tsx","175","Unknown","Button","Authenticated","unknown","no handler","","","","⚠️","No onClick or href"
"/contact","app\contact\page.tsx","223","Unknown","Button","Authenticated","unknown","no handler","","","","⚠️","No onClick or href"
"/contact","app\contact\page.tsx","225","Unknown","Unknown","Authenticated","navigate","navigate","","","","✅",""
"/contact","app\contact\page.tsx","368","Unknown","Button","Authenticated","unknown","no handler","","","","⚠️","No onClick or href"
"/contact","app\contact\page.tsx","493","For Advertisers","Link","Authenticated","navigate","navigate","/advertisers","","","✅",""
"/contact","app\contact\page.tsx","494","For Publishers","Link","Authenticated","navigate","navigate","/publishers","","","✅",""
"/contact","app\contact\page.tsx","495","Ad Formats","Link","Authenticated","navigate","navigate","/ad-formats","","","✅",""
"/contact","app\contact\page.tsx","501","About","Link","Authenticated","navigate","navigate","/about","","","✅",""
"/contact","app\contact\page.tsx","502","Contact","Link","Authenticated","navigate","navigate","/contact","","","✅",""
"/contact","app\contact\page.tsx","503","Privacy","Link","Authenticated","navigate","navigate","/legal/privacy","","","✅",""
"/contact","app\contact\page.tsx","509","Advertiser Terms","Link","Authenticated","navigate","navigate","/legal/advertiser-terms","","","✅",""
"/contact","app\contact\page.tsx","510","Publisher Terms","Link","Authenticated","navigate","navigate","/legal/publisher-terms","","","✅",""
"/contact","app\contact\page.tsx","511","Cookie Policy","Link","Authenticated","navigate","navigate","/legal/cookies","","","✅",""
"/docs/publisher-integration","app\docs\publisher-integration\page.tsx","150","Unknown","Link","Authenticated","navigate","navigate","/auth/signup?role=publisher","","","✅",""
"/docs/publisher-integration","app\docs\publisher-integration\page.tsx","151","Unknown","Button","Authenticated","unknown","no handler","","","","⚠️","No onClick or href"
"/docs/publisher-integration","app\docs\publisher-integration\page.tsx","156","Unknown","Link","Authenticated","navigate","navigate","/contact","","","✅",""
"/docs/publisher-integration","app\docs\publisher-integration\page.tsx","157","Unknown","Button","Authenticated","unknown","no handler","","","","⚠️","No onClick or href"
"/docs/publisher-integration","app\docs\publisher-integration\page.tsx","173","For Advertisers","Link","Authenticated","navigate","navigate","/advertisers","","","✅",""
"/docs/publisher-integration","app\docs\publisher-integration\page.tsx","174","For Publishers","Link","Authenticated","navigate","navigate","/publishers","","","✅",""
"/docs/publisher-integration","app\docs\publisher-integration\page.tsx","175","Ad Formats","Link","Authenticated","navigate","navigate","/ad-formats","","","✅",""
"/docs/publisher-integration","app\docs\publisher-integration\page.tsx","181","About","Link","Authenticated","navigate","navigate","/about","","","✅",""
"/docs/publisher-integration","app\docs\publisher-integration\page.tsx","182","Contact","Link","Authenticated","navigate","navigate","/contact","","","✅",""
"/docs/publisher-integration","app\docs\publisher-integration\page.tsx","188","Privacy","Link","Authenticated","navigate","navigate","/legal/privacy","","","✅",""
"/docs/publisher-integration","app\docs\publisher-integration\page.tsx","189","Advertiser Terms","Link","Authenticated","navigate","navigate","/legal/advertiser-terms","","","✅",""
"/docs/publisher-integration","app\docs\publisher-integration\page.tsx","190","Publisher Terms","Link","Authenticated","navigate","navigate","/legal/publisher-terms","","","✅",""
"/docs/publisher-integration","app\docs\publisher-integration\page.tsx","191","Cookie Policy","Link","Authenticated","navigate","navigate","/legal/cookies","","","✅",""
"/docs/publisher-integration","app\docs\publisher-integration\page.tsx","197","Contact Support","Link","Authenticated","navigate","navigate","/contact","","","✅",""
"/docs/publisher-integration","app\docs\publisher-integration\page.tsx","198","Sign In","Link","Authenticated","navigate","navigate","/auth/signin","","","✅",""
"/error.tsx","app\error.tsx","40","Unknown","Button","Authenticated","unknown","no handler","","","","⚠️","No onClick or href"
"/error.tsx","app\error.tsx","41","Unknown","Unknown","Authenticated","navigate","navigate","","","","✅",""
"/global-error.tsx","app\global-error.tsx","42","Unknown","Button","Authenticated","unknown","no handler","","","","⚠️","No onClick or href"
"/global-error.tsx","app\global-error.tsx","43","Unknown","Unknown","Authenticated","navigate","navigate","","","","✅",""
"/legal/advertiser-terms","app\legal\advertiser-terms\page.tsx","160","Privacy Policy","Link","Authenticated","navigate","navigate","/legal/privacy","","","✅",""
"/legal/advertiser-terms","app\legal\advertiser-terms\page.tsx","161","Advertiser Terms","Link","Authenticated","navigate","navigate","/legal/advertiser-terms","","","✅",""
"/legal/advertiser-terms","app\legal\advertiser-terms\page.tsx","162","Publisher Terms","Link","Authenticated","navigate","navigate","/legal/publisher-terms","","","✅",""
"/legal/advertiser-terms","app\legal\advertiser-terms\page.tsx","163","Cookie Policy","Link","Authenticated","navigate","navigate","/legal/cookies","","","✅",""
"/legal/cookie-preferences","app\legal\cookie-preferences\page.tsx","205","Unknown","Button","Authenticated","unknown","no handler","","","","⚠️","No onClick or href"
"/legal/cookie-preferences","app\legal\cookie-preferences\page.tsx","206","Unknown","Unknown","Authenticated","navigate","navigate","","","","✅",""
"/legal/cookie-preferences","app\legal\cookie-preferences\page.tsx","215","Unknown","Button","Authenticated","unknown","no handler","","","","⚠️","No onClick or href"
"/legal/cookie-preferences","app\legal\cookie-preferences\page.tsx","216","Unknown","Unknown","Authenticated","navigate","navigate","","","","✅",""
"/legal/cookie-preferences","app\legal\cookie-preferences\page.tsx","225","Unknown","Button","Authenticated","unknown","no handler","","","","⚠️","No onClick or href"
"/legal/cookie-preferences","app\legal\cookie-preferences\page.tsx","226","Unknown","Unknown","Authenticated","navigate","navigate","","","","✅",""
"/legal/cookie-preferences","app\legal\cookie-preferences\page.tsx","247","Unknown","a","Authenticated","navigate","navigate","/legal/cookies","","","✅",""
"/legal/cookie-preferences","app\legal\cookie-preferences\page.tsx","254","Unknown","a","Authenticated","navigate","navigate","/legal/privacy","","","✅",""
"/legal/cookie-preferences","app\legal\cookie-preferences\page.tsx","261","Unknown","a","Authenticated","navigate","navigate","/contact","","","✅",""
"/legal/cookie-preferences","app\legal\cookie-preferences\page.tsx","364","Unknown","Button","Authenticated","unknown","no handler","","","","⚠️","No onClick or href"
"/legal/cookie-preferences","app\legal\cookie-preferences\page.tsx","366","Unknown","Unknown","Authenticated","navigate","navigate","","","","✅",""
"/legal/cookie-preferences","app\legal\cookie-preferences\page.tsx","370","Unknown","Button","Authenticated","unknown","no handler","","","","⚠️","No onClick or href"
"/legal/cookie-preferences","app\legal\cookie-preferences\page.tsx","371","Unknown","Unknown","Authenticated","navigate","navigate","","","","✅",""
"/legal/cookie-preferences","app\legal\cookie-preferences\page.tsx","377","Unknown","Button","Authenticated","unknown","no handler","","","","⚠️","No onClick or href"
"/legal/cookie-preferences","app\legal\cookie-preferences\page.tsx","378","Unknown","Unknown","Authenticated","navigate","navigate","","","","✅",""
"/legal/cookies","app\legal\cookies\page.tsx","169","Privacy Policy","Link","Authenticated","navigate","navigate","/legal/privacy","","","✅",""
"/legal/cookies","app\legal\cookies\page.tsx","170","Advertiser Terms","Link","Authenticated","navigate","navigate","/legal/advertiser-terms","","","✅",""
"/legal/cookies","app\legal\cookies\page.tsx","171","Publisher Terms","Link","Authenticated","navigate","navigate","/legal/publisher-terms","","","✅",""
"/legal/cookies","app\legal\cookies\page.tsx","172","Cookie Policy","Link","Authenticated","navigate","navigate","/legal/cookies","","","✅",""
"/legal/privacy","app\legal\privacy\page.tsx","144","Privacy Policy","Link","Authenticated","navigate","navigate","/legal/privacy","","","✅",""
"/legal/privacy","app\legal\privacy\page.tsx","145","Advertiser Terms","Link","Authenticated","navigate","navigate","/legal/advertiser-terms","","","✅",""
"/legal/privacy","app\legal\privacy\page.tsx","146","Publisher Terms","Link","Authenticated","navigate","navigate","/legal/publisher-terms","","","✅",""
"/legal/privacy","app\legal\privacy\page.tsx","147","Cookie Policy","Link","Authenticated","navigate","navigate","/legal/cookies","","","✅",""
"/legal/publisher-terms","app\legal\publisher-terms\page.tsx","144","Privacy Policy","Link","Authenticated","navigate","navigate","/legal/privacy","","","✅",""
"/legal/publisher-terms","app\legal\publisher-terms\page.tsx","145","Advertiser Terms","Link","Authenticated","navigate","navigate","/legal/advertiser-terms","","","✅",""
"/legal/publisher-terms","app\legal\publisher-terms\page.tsx","146","Publisher Terms","Link","Authenticated","navigate","navigate","/legal/publisher-terms","","","✅",""
"/legal/publisher-terms","app\legal\publisher-terms\page.tsx","147","Cookie Policy","Link","Authenticated","navigate","navigate","/legal/cookies","","","✅",""
"/not-found.tsx","app\not-found.tsx","26","Unknown","Button","Authenticated","unknown","no handler","","","","⚠️","No onClick or href"
"/not-found.tsx","app\not-found.tsx","27","Unknown","Link","Authenticated","navigate","navigate","/","","","✅",""
"/not-found.tsx","app\not-found.tsx","33","Unknown","Button","Authenticated","unknown","no handler","","","","⚠️","No onClick or href"
"/not-found.tsx","app\not-found.tsx","34","Unknown","Link","Authenticated","navigate","navigate","javascript:history.back()","","","✅",""
"/not-found.tsx","app\not-found.tsx","44","Unknown","Link","Authenticated","navigate","navigate","/contact","","","✅",""
"/components/app/sidebar.tsx","components\app\sidebar.tsx","151","Unknown","Link","Authenticated","unknown","no handler","","","","⚠️","No onClick or href"
"/components/app/sidebar.tsx","components\app\sidebar.tsx","172","Unknown","Link","Authenticated","unknown","no handler","","","","⚠️","No onClick or href"
"/components/app/top-bar.tsx","components\app\top-bar.tsx","102","Unknown","Button","Authenticated","unknown","unknown","","","","🔒",""
"/components/app/top-bar.tsx","components\app\top-bar.tsx","109","Unknown","Unknown","Authenticated","unknown","unknown","","","","🔒",""
"/components/app/top-bar.tsx","components\app\top-bar.tsx","115","Unknown","Unknown","Authenticated","unknown","unknown","","","","🔒",""
"/components/app/top-bar.tsx","components\app\top-bar.tsx","121","Unknown","Unknown","Authenticated","unknown","unknown","","","","🔒",""
"/components/app/top-bar.tsx","components\app\top-bar.tsx","132","Unknown","Button","Authenticated","unknown","unknown","","","","🔒",""
"/components/app/top-bar.tsx","components\app\top-bar.tsx","164","Unknown","Button","Authenticated","unknown","unknown","","","","🔒",""
"/components/app/top-bar.tsx","components\app\top-bar.tsx","166","Unknown","Unknown","Authenticated","unknown","unknown","","","","🔒",""
"/components/app/top-bar.tsx","components\app\top-bar.tsx","175","Unknown","Button","Authenticated","unknown","unknown","","","","🔒",""
"/components/app/top-bar.tsx","components\app\top-bar.tsx","176","Unknown","Unknown","Authenticated","unknown","unknown","","","","🔒",""
"/components/app/top-bar.tsx","components\app\top-bar.tsx","185","Unknown","Button","Authenticated","unknown","unknown","","","","🔒",""
"/components/app/top-bar.tsx","components\app\top-bar.tsx","189","Unknown","Unknown","Authenticated","unknown","unknown","","","","🔒",""
"/components/app/top-bar.tsx","components\app\top-bar.tsx","198","Unknown","Button","Authenticated","unknown","unknown","","","","🔒",""
"/components/app/top-bar.tsx","components\app\top-bar.tsx","202","Unknown","Unknown","Authenticated","unknown","unknown","","","","🔒",""
"/components/app/top-bar.tsx","components\app\top-bar.tsx","210","Unknown","Button","Authenticated","unknown","unknown","","","","🔒",""
"/components/app/top-bar.tsx","components\app\top-bar.tsx","221","Unknown","Unknown","Authenticated","unknown","unknown","","","","🔒",""
"/components/app/top-bar.tsx","components\app\top-bar.tsx","225","Unknown","Unknown","Authenticated","unknown","unknown","","","","🔒",""
"/components/app/top-bar.tsx","components\app\top-bar.tsx","230","Unknown","Unknown","Authenticated","unknown","unknown","","","","🔒",""
"/components/app/top-up-modal.tsx","components\app\top-up-modal.tsx","300","Unknown","Button","Authenticated","navigate","navigate","","","","✅",""
"/components/app/top-up-modal.tsx","components\app\top-up-modal.tsx","303","Unknown","Button","Authenticated","unknown","no handler","","","","⚠️","No onClick or href"
"/components/app/top-up-modal.tsx","components\app\top-up-modal.tsx","304","Unknown","Unknown","Authenticated","navigate","navigate","","","","✅",""
"/components/app/top-up-modal.tsx","components\app\top-up-modal.tsx","361","Unknown","Button","Authenticated","unknown","no handler","","","","⚠️","No onClick or href"
"/components/app/top-up-modal.tsx","components\app\top-up-modal.tsx","365","Unknown","Unknown","Authenticated","unknown","no handler","","","","⚠️","No onClick or href"
"/components/app/top-up-modal.tsx","components\app\top-up-modal.tsx","385","Unknown","Button","Authenticated","navigate","navigate","","","","✅",""
"/components/app/top-up-modal.tsx","components\app\top-up-modal.tsx","388","Unknown","Button","Authenticated","navigate","navigate","","","","✅",""
"/components/app/top-up-modal.tsx","components\app\top-up-modal.tsx","415","Unknown","Button","Authenticated","navigate","navigate","","","","✅",""
"/components/app/top-up-modal.tsx","components\app\top-up-modal.tsx","418","Unknown","Button","Authenticated","navigate","navigate","","","","✅",""
"/components/app/wallet-drawer.tsx","components\app\wallet-drawer.tsx","175","Unknown","Button","Authenticated","unknown","no handler","","","","⚠️","No onClick or href"
"/components/app/wallet-drawer.tsx","components\app\wallet-drawer.tsx","177","Unknown","Unknown","Authenticated","navigate","navigate","","","","✅",""
"/components/app/wallet-drawer.tsx","components\app\wallet-drawer.tsx","228","Unknown","Button","Authenticated","unknown","no handler","","","","⚠️","No onClick or href"
"/components/app/wallet-drawer.tsx","components\app\wallet-drawer.tsx","231","Unknown","Unknown","Authenticated","unknown","no handler","","","","⚠️","No onClick or href"
"/components/app/wallet-drawer.tsx","components\app\wallet-drawer.tsx","251","Unknown","Button","Authenticated","unknown","no handler","","","","⚠️","No onClick or href"
"/components/app/wallet-drawer.tsx","components\app\wallet-drawer.tsx","254","Unknown","Unknown","Authenticated","unknown","no handler","","","","⚠️","No onClick or href"
"/components/app/wallet-drawer.tsx","components\app\wallet-drawer.tsx","283","Unknown","Button","Authenticated","unknown","no handler","","","","⚠️","No onClick or href"
"/components/app/wallet-drawer.tsx","components\app\wallet-drawer.tsx","286","Unknown","Unknown","Authenticated","unknown","no handler","","","","⚠️","No onClick or href"
"/components/app/wallet-drawer.tsx","components\app\wallet-drawer.tsx","303","Unknown","Button","Authenticated","unknown","no handler","","","","⚠️","No onClick or href"
"/components/app/wallet-drawer.tsx","components\app\wallet-drawer.tsx","306","Unknown","Unknown","Authenticated","unknown","no handler","","","","⚠️","No onClick or href"
"/components/cookie/CookiePreferences.tsx","components\cookie\CookiePreferences.tsx","138","Unknown","Button","Authenticated","unknown","no handler","","","","⚠️","No onClick or href"
"/components/cookie/CookiePreferences.tsx","components\cookie\CookiePreferences.tsx","140","Unknown","Unknown","Authenticated","navigate","navigate","","","","✅",""
"/components/cookie/CookiePreferences.tsx","components\cookie\CookiePreferences.tsx","145","Unknown","Button","Authenticated","unknown","no handler","","","","⚠️","No onClick or href"
"/components/cookie/CookiePreferences.tsx","components\cookie\CookiePreferences.tsx","146","Unknown","Unknown","Authenticated","navigate","navigate","","","","✅",""
"/components/cookie/CookiePreferences.tsx","components\cookie\CookiePreferences.tsx","153","Unknown","Button","Authenticated","unknown","no handler","","","","⚠️","No onClick or href"
"/components/cookie/CookiePreferences.tsx","components\cookie\CookiePreferences.tsx","154","Unknown","Unknown","Authenticated","navigate","navigate","","","","✅",""
"/components/ErrorBoundary.tsx","components\ErrorBoundary.tsx","56","Unknown","button","Authenticated","unknown","no handler","","","","⚠️","No onClick or href"
"/components/ErrorBoundary.tsx","components\ErrorBoundary.tsx","57","Unknown","Unknown","Authenticated","navigate","navigate","","","","✅",""
"/components/Footer.tsx","components\Footer.tsx","21","For Advertisers","Link","Authenticated","navigate","navigate","/advertisers","","","✅",""
"/components/Footer.tsx","components\Footer.tsx","22","For Publishers","Link","Authenticated","navigate","navigate","/publishers","","","✅",""
"/components/Footer.tsx","components\Footer.tsx","23","Ad Formats","Link","Authenticated","navigate","navigate","/ad-formats","","","✅",""
"/components/Footer.tsx","components\Footer.tsx","29","About","Link","Authenticated","navigate","navigate","/about","","","✅",""
"/components/Footer.tsx","components\Footer.tsx","30","Contact","Link","Authenticated","navigate","navigate","/contact","","","✅",""
"/components/Footer.tsx","components\Footer.tsx","31","Privacy","Link","Authenticated","navigate","navigate","/legal/privacy","","","✅",""
"/components/Footer.tsx","components\Footer.tsx","37","Advertiser Terms","Link","Authenticated","navigate","navigate","/legal/advertiser-terms","","","✅",""
"/components/Footer.tsx","components\Footer.tsx","38","Publisher Terms","Link","Authenticated","navigate","navigate","/legal/publisher-terms","","","✅",""
"/components/Footer.tsx","components\Footer.tsx","39","Cookie Policy","Link","Authenticated","navigate","navigate","/legal/cookies","","","✅",""
"/components/Footer.tsx","components\Footer.tsx","40","Cookie Preferences","Link","Authenticated","navigate","navigate","/legal/cookie-preferences","","","✅",""
"/components/FormatsTeaser.tsx","components\FormatsTeaser.tsx","68","Unknown","Link","Authenticated","navigate","navigate","/ad-formats","","","✅",""
"/components/FormatsTeaser.tsx","components\FormatsTeaser.tsx","69","Unknown","Button","Authenticated","unknown","no handler","","","","⚠️","No onClick or href"
"/components/Hero.tsx","components\Hero.tsx","65","Unknown","Link","Authenticated","unknown","unknown","","","","🔒",""
"/components/Hero.tsx","components\Hero.tsx","66","Unknown","Button","Authenticated","unknown","unknown","","","","🔒",""
"/components/Hero.tsx","components\Hero.tsx","70","Unknown","Link","Authenticated","unknown","unknown","","","","🔒",""
"/components/Hero.tsx","components\Hero.tsx","71","Unknown","Button","Authenticated","unknown","unknown","","","","🔒",""
"/components/marketing/Hero.tsx","components\marketing\Hero.tsx","82","Unknown","Button","Authenticated","unknown","no handler","","","","⚠️","No onClick or href"
"/components/marketing/Hero.tsx","components\marketing\Hero.tsx","87","Unknown","Link","Authenticated","unknown","no handler","","","","⚠️","No onClick or href"
"/components/marketing/Hero.tsx","components\marketing\Hero.tsx","93","Unknown","Button","Authenticated","unknown","no handler","","","","⚠️","No onClick or href"
"/components/marketing/Hero.tsx","components\marketing\Hero.tsx","99","Unknown","Link","Authenticated","unknown","no handler","","","","⚠️","No onClick or href"
"/components/marketing/Hero.tsx","components\marketing\Hero.tsx","108","Unknown","Link","Authenticated","unknown","no handler","","","","⚠️","No onClick or href"
"/components/publishers/CtaBand.tsx","components\publishers\CtaBand.tsx","14","Unknown","Button","Authenticated","unknown","unknown","","","","🔒",""
"/components/publishers/CtaBand.tsx","components\publishers\CtaBand.tsx","15","Unknown","Link","Authenticated","unknown","unknown","","","","🔒",""
"/components/publishers/CtaBand.tsx","components\publishers\CtaBand.tsx","19","Unknown","Button","Authenticated","unknown","unknown","","","","🔒",""
"/components/publishers/CtaBand.tsx","components\publishers\CtaBand.tsx","20","Unknown","Link","Authenticated","unknown","unknown","/docs/publisher-integration","","","🔒",""
"/components/publishers/HeroPublishers.tsx","components\publishers\HeroPublishers.tsx","28","Unknown","Button","Authenticated","unknown","unknown","","","","🔒",""
"/components/publishers/HeroPublishers.tsx","components\publishers\HeroPublishers.tsx","29","Unknown","Link","Authenticated","unknown","unknown","","","","🔒",""
"/components/publishers/HeroPublishers.tsx","components\publishers\HeroPublishers.tsx","33","Unknown","Button","Authenticated","unknown","unknown","","","","🔒",""
"/components/publishers/HeroPublishers.tsx","components\publishers\HeroPublishers.tsx","34","Unknown","Link","Authenticated","unknown","unknown","/contact","","","🔒",""
"/components/TopBar.tsx","components\TopBar.tsx","23","Unknown","Link","Authenticated","unknown","unknown","","","","🔒",""
"/components/TopBar.tsx","components\TopBar.tsx","29","Unknown","Link","Authenticated","unknown","unknown","","","","🔒",""
"/components/TopBar.tsx","components\TopBar.tsx","35","Unknown","Link","Authenticated","unknown","unknown","","","","🔒",""
"/components/TopBar.tsx","components\TopBar.tsx","47","Unknown","Link","Authenticated","unknown","unknown","/app","","","🔒",""
"/components/TopBar.tsx","components\TopBar.tsx","48","Unknown","Button","Authenticated","unknown","unknown","","","","🔒",""
"/components/TopBar.tsx","components\TopBar.tsx","57","Unknown","Link","Authenticated","unknown","unknown","/auth/signin","","","🔒",""
"/components/TopBar.tsx","components\TopBar.tsx","58","Unknown","Button","Authenticated","unknown","unknown","","","","🔒",""
"/components/TopBar.tsx","components\TopBar.tsx","65","Unknown","Link","Authenticated","unknown","unknown","/auth/signin","","","🔒",""
"/components/TopBar.tsx","components\TopBar.tsx","66","Unknown","Button","Authenticated","unknown","unknown","","","","🔒",""
"/components/TopBar.tsx","components\TopBar.tsx","78","Unknown","Button","Authenticated","unknown","unknown","","","","🔒",""
"/components/TopBar.tsx","components\TopBar.tsx","93","Unknown","Link","Authenticated","unknown","unknown","","","","🔒",""
"/components/TopBar.tsx","components\TopBar.tsx","99","Unknown","Link","Authenticated","unknown","unknown","","","","🔒",""
"/components/TopBar.tsx","components\TopBar.tsx","105","Unknown","Link","Authenticated","unknown","unknown","","","","🔒",""
"/components/TopBar.tsx","components\TopBar.tsx","113","Unknown","Link","Authenticated","unknown","unknown","/app","","","🔒",""
"/components/TopBar.tsx","components\TopBar.tsx","114","Unknown","Button","Authenticated","unknown","unknown","","","","🔒",""
"/components/TopBar.tsx","components\TopBar.tsx","123","Unknown","Link","Authenticated","unknown","unknown","/auth/signin","","","🔒",""
"/components/TopBar.tsx","components\TopBar.tsx","124","Unknown","Button","Authenticated","unknown","unknown","","","","🔒",""
"/components/TopBar.tsx","components\TopBar.tsx","131","Unknown","Link","Authenticated","unknown","unknown","/auth/signin","","","🔒",""
"/components/TopBar.tsx","components\TopBar.tsx","132","Unknown","Button","Authenticated","unknown","unknown","","","","🔒",""
"/components/ui/confirm-dialog.tsx","components\ui\confirm-dialog.tsx","65","Unknown","Button","Authenticated","unknown","no handler","","","","⚠️","No onClick or href"
"/components/ui/confirm-dialog.tsx","components\ui\confirm-dialog.tsx","67","Unknown","Unknown","Authenticated","navigate","navigate","","","","✅",""
"/components/ui/confirm-dialog.tsx","components\ui\confirm-dialog.tsx","72","Unknown","Button","Authenticated","unknown","no handler","","","","⚠️","No onClick or href"
"/components/ui/confirm-dialog.tsx","components\ui\confirm-dialog.tsx","74","Unknown","Unknown","Authenticated","navigate","navigate","","","","✅",""
"/components/ui/empty-state.tsx","components\ui\empty-state.tsx","36","Unknown","Button","Authenticated","navigate","navigate","","","","✅",""
"/components/ui/logo.tsx","components\ui\logo.tsx","20","Unknown","Link","Authenticated","unknown","no handler","","","","⚠️","No onClick or href"
"/components/ui/theme-toggle.tsx","components\ui\theme-toggle.tsx","26","Unknown","Button","Authenticated","unknown","no handler","","","","⚠️","No onClick or href"
"/components/ui/theme-toggle.tsx","components\ui\theme-toggle.tsx","40","Unknown","Button","Authenticated","unknown","no handler","","","","⚠️","No onClick or href"
"/components/ui/theme-toggle.tsx","components\ui\theme-toggle.tsx","43","Unknown","Unknown","Authenticated","navigate","navigate","","","","✅",""